Name;Long;Lat;ModuleName;ModuleType
"Module intérieur branche";0.548669;41.1340977;"Module intérieur branche";Indoor
Timestamp;"Timezone : Europe/Madrid";Temperature;Humidity;CO2;Noise;Pressure
1657533600;"2022/07/11 12:00:00";28.9;65;849;49;993.9
1657620000;"2022/07/12 12:00:00";29.1;60;639;43;997.8
1657706400;"2022/07/13 12:00:00";28.4;63;655;46;999.3
1657792800;"2022/07/14 12:00:00";28.3;68;903;50;998.3
1657879200;"2022/07/15 12:00:00";27.6;67;627;40;996.6
1657965600;"2022/07/16 12:00:00";28.1;58;601;38;996.3
1658052000;"2022/07/17 12:00:00";28.5;66;774;41;998.1
1658138400;"2022/07/18 12:00:00";28.1;67;638;37;998.3
1658224800;"2022/07/19 12:00:00";28.3;69;560;39;996.5
1658311200;"2022/07/20 12:00:00";27.7;67;543;38;998.6
1658397600;"2022/07/21 12:00:00";28.1;70;475;35;998.2
1660212000;"2022/08/11 12:00:00";29.5;63;558;43;995.3
1660298400;"2022/08/12 12:00:00";29.2;61;488;42;993.3
1660384800;"2022/08/13 12:00:00";29.1;57;492;38;991.9
1660471200;"2022/08/14 12:00:00";28.8;53;440;34;990.9
1661335200;"2022/08/24 12:00:00";28.3;67;474;39;996.2
1661421600;"2022/08/25 12:00:00";27.8;61;657;41;1002.1
1661508000;"2022/08/26 12:00:00";27.3;58;531;37;1010.9
1661594400;"2022/08/27 12:00:00";27.1;58;571;39;1008.8
1661680800;"2022/08/28 12:00:00";26.4;69;479;38;1009.9
1661767200;"2022/08/29 12:00:00";27;70;515;42;1011.8
1661853600;"2022/08/30 12:00:00";27.2;73;553;39;1012.7
1661940000;"2022/08/31 12:00:00";27.9;68;590;41;1011.5
1662026400;"2022/09/01 12:00:00";26.6;63;556;37;1011
1662112800;"2022/09/02 12:00:00";27.3;69;545;36;1008
1662199200;"2022/09/03 12:00:00";27;61;533;38;1008.9
1662285600;"2022/09/04 12:00:00";26.8;67;561;40;1012.2
1662372000;"2022/09/05 12:00:00";27.3;73;566;38;1014.2
1662458400;"2022/09/06 12:00:00";27.3;62;510;38;1012.8
1662544800;"2022/09/07 12:00:00";26.6;53;483;39;1010.6
1662631200;"2022/09/08 12:00:00";25.7;48;508;38;1012
1662717600;"2022/09/09 12:00:00";26.3;55;517;38;1013.4
1662804000;"2022/09/10 12:00:00";26.4;62;547;38;1015.3
1662890400;"2022/09/11 12:00:00";27.1;73;611;40;1012.3
1662976800;"2022/09/12 12:00:00";27.2;73;546;41;1009.5
1663063200;"2022/09/13 12:00:00";26.8;74;551;42;1008.2
1663149600;"2022/09/14 12:00:00";25.6;71;632;39;1006.7
1663236000;"2022/09/15 12:00:00";26;61;538;38;1008.5
1663322400;"2022/09/16 12:00:00";26.2;54;487;37;1009.6
1663408800;"2022/09/17 12:00:00";25.1;49;453;37;1011.3
1663495200;"2022/09/18 12:00:00";25.2;61;488;37;1013
1663581600;"2022/09/19 12:00:00";24.9;63;540;37;1012.4
1663668000;"2022/09/20 12:00:00";25.1;52;489;37;1014
1663754400;"2022/09/21 12:00:00";24.7;53;462;37;1014.4
1663840800;"2022/09/22 12:00:00";24.5;59;494;38;1015
1663927200;"2022/09/23 12:00:00";23.7;66;479;39;1013.5
1664013600;"2022/09/24 12:00:00";23.5;60;551;41;1009.8
1664100000;"2022/09/25 12:00:00";22.7;50;575;37;1010.7
1664186400;"2022/09/26 12:00:00";22.2;47;564;39;1010.6
1664272800;"2022/09/27 12:00:00";21.9;48;557;39;1009.8
1664359200;"2022/09/28 12:00:00";22.2;50;600;40;1007
1664445600;"2022/09/29 12:00:00";21.8;48;558;40;1002.1
1664532000;"2022/09/30 12:00:00";21.6;48;684;39;1008.5
1664618400;"2022/10/01 12:00:00";21.7;48;786;40;1020.5
1664704800;"2022/10/02 12:00:00";21.6;51;599;37;1022.3
1664791200;"2022/10/03 12:00:00";22.1;59;535;39;1018.1
1664877600;"2022/10/04 12:00:00";22.5;68;547;38;1017.4
1664964000;"2022/10/05 12:00:00";22.6;66;576;39;1020.4
1665050400;"2022/10/06 12:00:00";22.1;65;536;38;1023.6
1665136800;"2022/10/07 12:00:00";22;64;630;39;1019.2
1665223200;"2022/10/08 12:00:00";21.9;68;615;41;1016.1
1665309600;"2022/10/09 12:00:00";21.8;68;651;40;1014.3
1665396000;"2022/10/10 12:00:00";21.7;70;615;38;1014.4
1665482400;"2022/10/11 12:00:00";21.2;70;596;38;1016.3
1665568800;"2022/10/12 12:00:00";20.8;66;544;38;1017.9
1665655200;"2022/10/13 12:00:00";20.6;61;499;38;1019.7
1665741600;"2022/10/14 12:00:00";21.4;56;511;37;1017.4
1665828000;"2022/10/15 12:00:00";21.7;64;566;37;1012.9
1665914400;"2022/10/16 12:00:00";22.7;71;651;38;1014.2
1666000800;"2022/10/17 12:00:00";23.2;73;724;39;1019.9
1666087200;"2022/10/18 12:00:00";23.1;74;594;39;1021.7
1666173600;"2022/10/19 12:00:00";23.4;74;602;39;1016.9
1666260000;"2022/10/20 12:00:00";22.5;73;639;40;1013.7
1666346400;"2022/10/21 12:00:00";22.1;75;635;41;1011.6
1666432800;"2022/10/22 12:00:00";21.7;70;679;40;1013.4
1666519200;"2022/10/23 12:00:00";22.1;76;579;40;1012.5
1666605600;"2022/10/24 12:00:00";21.5;74;565;40;1014.4
1666692000;"2022/10/25 12:00:00";21.4;70;541;40;1014.4
1666778400;"2022/10/26 12:00:00";21.9;76;696;40;1016.3
1666864800;"2022/10/27 12:00:00";20.5;73;496;36;1020.3
1667386800;"2022/11/02 12:00:00";20.6;69;633;45;1020.1
1667473200;"2022/11/03 12:00:00";20.6;73;638;39;1013.6
1667559600;"2022/11/04 12:00:00";20.2;64;812;42;1014
1667646000;"2022/11/05 12:00:00";20.5;55;883;41;1017.2
1667732400;"2022/11/06 12:00:00";21.1;53;1104;40;1015
1667818800;"2022/11/07 12:00:00";20.5;55;999;41;1016.4
1667905200;"2022/11/08 12:00:00";20.3;63;887;40;1012.9
1667991600;"2022/11/09 12:00:00";19.7;64;960;40;1014.5
1668078000;"2022/11/10 12:00:00";19.8;61;981;38;1021.3
1668164400;"2022/11/11 12:00:00";19.9;63;1030;39;1024.7
1668250800;"2022/11/12 12:00:00";20.3;66;918;39;1024.3
1668337200;"2022/11/13 12:00:00";19.6;66;1024;40;1017.7
1668423600;"2022/11/14 12:00:00";20.4;67;942;39;1014.4
1668510000;"2022/11/15 12:00:00";19.9;68;971;39;1008.5
1668596400;"2022/11/16 12:00:00";20.1;66;927;39;1004.9
1668682800;"2022/11/17 12:00:00";19.7;68;940;44;1002.6
1668769200;"2022/11/18 12:00:00";20;65;908;43;1006.6
1668855600;"2022/11/19 12:00:00";18.7;59;798;40;1010.4
1668942000;"2022/11/20 12:00:00";18.7;58;824;40;1016
1669028400;"2022/11/21 12:00:00";19.2;62;968;39;1007.8
1669114800;"2022/11/22 12:00:00";18.2;57;757;39;1008
1669201200;"2022/11/23 12:00:00";18.9;61;862;39;1007.1
1669287600;"2022/11/24 12:00:00";19.6;63;1106;41;1014.6
1669374000;"2022/11/25 12:00:00";20.1;62;877;40;1018.4
1669460400;"2022/11/26 12:00:00";19.3;59;1061;40;1025.6
1669546800;"2022/11/27 12:00:00";18.9;57;971;40;1020.8
1669633200;"2022/11/28 12:00:00";18.9;59;859;41;1013.9
1669719600;"2022/11/29 12:00:00";18.5;58;871;39;1015.4
1669806000;"2022/11/30 12:00:00";18.1;60;946;40;1013.5
1669892400;"2022/12/01 12:00:00";17.8;60;963;40;1014
1669978800;"2022/12/02 12:00:00";17.1;58;886;41;1012.7
1670065200;"2022/12/03 12:00:00";18.9;55;945;41;1006.2
1670151600;"2022/12/04 12:00:00";20.2;51;935;42;1008.3
1670238000;"2022/12/05 12:00:00";19.6;52;871;40;1013.9
1670324400;"2022/12/06 12:00:00";19.7;54;925;40;1012.5
1670410800;"2022/12/07 12:00:00";20;55;836;40;1011.2
1670497200;"2022/12/08 12:00:00";21.5;55;937;41;1002.8
1670583600;"2022/12/09 12:00:00";21.7;58;994;40;996.8
1670670000;"2022/12/10 12:00:00";22.1;54;980;41;1002.9
1670756400;"2022/12/11 12:00:00";20.9;50;1185;39;1004.4
1670842800;"2022/12/12 12:00:00";20.3;54;1371;41;1003.5
1670929200;"2022/12/13 12:00:00";20.5;58;1359;40;1000
1671015600;"2022/12/14 12:00:00";20.5;61;840;39;999.4
1671102000;"2022/12/15 12:00:00";21.3;60;879;37;995.1
1671188400;"2022/12/16 12:00:00";20.9;58;911;38;1003.8
1671274800;"2022/12/17 12:00:00";19.3;57;1029;38;1015.3
1671361200;"2022/12/18 12:00:00";19.2;56;1077;40;1023.8
1671447600;"2022/12/19 12:00:00";19.5;62;1190;38;1024.2
1671534000;"2022/12/20 12:00:00";20.5;62;1053;37;1019.6
1671620400;"2022/12/21 12:00:00";20.3;61;1057;38;1018.7
1671706800;"2022/12/22 12:00:00";20.1;61;1141;40;1020.8
1671793200;"2022/12/23 12:00:00";20.1;62;1177;39;1020
1671879600;"2022/12/24 12:00:00";19.8;62;1043;38;1018
1671966000;"2022/12/25 12:00:00";19.5;59;1134;40;1017.5
1672052400;"2022/12/26 12:00:00";19.3;58;910;39;1023.6
1672138800;"2022/12/27 12:00:00";17.9;59;918;37;1027.1
1672916400;"2023/01/05 12:00:00";13.6;65;648;48;1024.8
1673002800;"2023/01/06 12:00:00";15.7;61;1290;43;1023.4
1673089200;"2023/01/07 12:00:00";18.1;56;1400;42;1019.7
1673175600;"2023/01/08 12:00:00";19.4;57;1472;41;1010.3
1673262000;"2023/01/09 12:00:00";19.6;58;942;42;1015.8
1673348400;"2023/01/10 12:00:00";18.8;55;963;39;1024.1
1673434800;"2023/01/11 12:00:00";19.9;54;1212;40;1022.7
1673521200;"2023/01/12 12:00:00";20.6;53;1062;38;1025
1673607600;"2023/01/13 12:00:00";21.1;50;1180;40;1022.9
1673694000;"2023/01/14 12:00:00";21.7;49;1072;41;1021.7
1673780400;"2023/01/15 12:00:00";20.8;50;1137;40;1015.6
1673866800;"2023/01/16 12:00:00";20.2;49;1020;40;1004
1673953200;"2023/01/17 12:00:00";21.6;50;985;39;992.2
1674039600;"2023/01/18 12:00:00";20.3;45;795;40;1000
1674126000;"2023/01/19 12:00:00";20.3;43;841;42;1009.1
1674212400;"2023/01/20 12:00:00";21.1;41;719;42;1011.2
1674298800;"2023/01/21 12:00:00";20.7;39;1005;41;1015.9
1674385200;"2023/01/22 12:00:00";20.5;37;1060;41;1017.7
1674471600;"2023/01/23 12:00:00";20.8;37;1350;42;1018.1
1674558000;"2023/01/24 12:00:00";21.1;38;1271;42;1022.7
1674644400;"2023/01/25 12:00:00";20.7;39;1021;40;1022.8
1674730800;"2023/01/26 12:00:00";20.4;40;1210;40;1012.6
1674817200;"2023/01/27 12:00:00";21.4;40;1342;42;1010.7
1674903600;"2023/01/28 12:00:00";20.5;39;1183;40;1015
1674990000;"2023/01/29 12:00:00";20.2;40;1386;40;1022.2
1675076400;"2023/01/30 12:00:00";20.9;39;1158;40;1025.4
1675162800;"2023/01/31 12:00:00";21.1;40;1223;40;1025
1675249200;"2023/02/01 12:00:00";22.3;41;1180;40;1025.2
1675335600;"2023/02/02 12:00:00";23.3;38;1118;40;1026.9
1675422000;"2023/02/03 12:00:00";22.6;37;1111;42;1028.3
1675508400;"2023/02/04 12:00:00";21.5;37;990;39;1026.7
1675594800;"2023/02/05 12:00:00";21.7;39;1068;41;1028.6
1675681200;"2023/02/06 12:00:00";21.4;41;1148;39;1023.7
1675767600;"2023/02/07 12:00:00";21;42;1027;40;1020.7
1675854000;"2023/02/08 12:00:00";20.4;45;983;40;1024.5
1675940400;"2023/02/09 12:00:00";19.9;47;957;41;1029.4
1676026800;"2023/02/10 12:00:00";19.2;47;1100;42;1033.9
1676113200;"2023/02/11 12:00:00";19.8;45;1130;42;1031.9
1676199600;"2023/02/12 12:00:00";19.5;45;1028;40;1030.6
1676286000;"2023/02/13 12:00:00";19.3;49;1126;39;1031.7
1676372400;"2023/02/14 12:00:00";19.4;50;882;38;1029.7
1676458800;"2023/02/15 12:00:00";19.3;52;914;39;1026.2
1676545200;"2023/02/16 12:00:00";19.2;51;921;39;1027.6
1676631600;"2023/02/17 12:00:00";18.9;48;812;39;1029.6
1676718000;"2023/02/18 12:00:00";19.2;47;830;38;1027.6
1676804400;"2023/02/19 12:00:00";20.1;47;1039;41;1024.5
1676890800;"2023/02/20 12:00:00";19.4;50;967;38;1022.5
1676977200;"2023/02/21 12:00:00";18.9;55;1131;38;1016.7
1677063600;"2023/02/22 12:00:00";18.8;56;1119;37;1013.5
1677150000;"2023/02/23 12:00:00";18.6;60;1159;40;1007
1677236400;"2023/02/24 12:00:00";19.2;54;1052;40;1006.3
1677322800;"2023/02/25 12:00:00";19.1;50;1127;41;1001.5
1677409200;"2023/02/26 12:00:00";20;47;1078;42;999.8
1677495600;"2023/02/27 12:00:00";18.8;41;992;40;1007.2
1677582000;"2023/02/28 12:00:00";18.8;42;951;39;1013.9
1677668400;"2023/03/01 12:00:00";18.2;43;1123;37;1013.5
1677754800;"2023/03/02 12:00:00";17.6;44;1126;39;1014
1677841200;"2023/03/03 12:00:00";17.3;47;958;39;1015.7
1677927600;"2023/03/04 12:00:00";17.3;48;907;39;1017.4
1678014000;"2023/03/05 12:00:00";17.8;48;877;40;1012.2
1678100400;"2023/03/06 12:00:00";17.2;54;1079;38;1006.6
1678186800;"2023/03/07 12:00:00";17.2;57;1108;39;1004.9
1678273200;"2023/03/08 12:00:00";18.5;59;1220;38;1006.5
1678359600;"2023/03/09 12:00:00";18.8;64;1214;38;1007.7
1678446000;"2023/03/10 12:00:00";18.3;64;1033;39;1011.2
1678532400;"2023/03/11 12:00:00";19.2;64;1069;38;1011.9
1678618800;"2023/03/12 12:00:00";20.1;66;967;38;1014.8
1678705200;"2023/03/13 12:00:00";20.3;67;1028;37;1009.4
1678791600;"2023/03/14 12:00:00";20;58;878;39;1012.7
1678878000;"2023/03/15 12:00:00";18.9;57;917;38;1014.9
1678964400;"2023/03/16 12:00:00";18.9;61;959;37;1011.8
1679050800;"2023/03/17 12:00:00";18.8;63;979;41;1011
1679137200;"2023/03/18 12:00:00";18.5;63;1019;39;1010.7
1679223600;"2023/03/19 12:00:00";19.3;60;1110;42;1016.7
1679310000;"2023/03/20 12:00:00";18.6;58;842;40;1017.1
1679396400;"2023/03/21 12:00:00";18.6;62;925;37;1014.3
1679482800;"2023/03/22 12:00:00";18.7;65;833;38;1012.5
1679569200;"2023/03/23 12:00:00";18.8;68;982;37;1010.9
1679655600;"2023/03/24 12:00:00";18.7;66;874;37;1012.6
1679742000;"2023/03/25 12:00:00";19;65;1028;37;1017.2
1679828400;"2023/03/26 13:00:00";19;64;932;37;1012.8
1679911200;"2023/03/27 12:00:00";19;56;775;38;1017.4
1679997600;"2023/03/28 12:00:00";18.8;57;903;39;1021.2
1680084000;"2023/03/29 12:00:00";19;62;954;38;1020.2
1680170400;"2023/03/30 12:00:00";19.4;62;976;38;1016.6
1680256800;"2023/03/31 12:00:00";20.1;61;902;37;1013.1
1680343200;"2023/04/01 12:00:00";20.2;58;745;35;1015.4
1681120800;"2023/04/10 12:00:00";18.3;66;1036;40;1017.6
1681207200;"2023/04/11 12:00:00";18.5;65;877;39;1016.7
1681293600;"2023/04/12 12:00:00";19;62;829;38;1007.9
1681380000;"2023/04/13 12:00:00";18.7;53;707;39;1011
1681466400;"2023/04/14 12:00:00";18.4;56;893;38;1010.5
1681552800;"2023/04/15 12:00:00";19;56;810;39;1011.5
1681639200;"2023/04/16 12:00:00";19;52;982;39;1015.2
1681725600;"2023/04/17 12:00:00";19.6;53;1197;42;1012.1
1681812000;"2023/04/18 12:00:00";19.8;57;1252;41;1011
1681898400;"2023/04/19 12:00:00";19.7;60;1124;39;1011
1681984800;"2023/04/20 12:00:00";19.9;56;817;41;1005.4
1682071200;"2023/04/21 12:00:00";20.4;62;630;39;1004
1682157600;"2023/04/22 12:00:00";20.5;65;867;39;1007.1
1682244000;"2023/04/23 12:00:00";20.2;61;808;37;1009.2
1682330400;"2023/04/24 12:00:00";21.1;59;955;38;1011.7
1682416800;"2023/04/25 12:00:00";21.4;60;966;39;1010.3
1682503200;"2023/04/26 12:00:00";21.8;63;738;37;1011.9
1682589600;"2023/04/27 12:00:00";22.1;65;843;37;1012.4
1682676000;"2023/04/28 12:00:00";22.2;64;625;37;1012.5
1682762400;"2023/04/29 12:00:00";22;62;802;38;1009.8
1682848800;"2023/04/30 12:00:00";22;62;941;38;1012.1
1682935200;"2023/05/01 12:00:00";22;52;700;37;1013.1
1683021600;"2023/05/02 12:00:00";21.7;44;503;35;1014.1
1683108000;"2023/05/03 12:00:00";22.1;56;611;37;1013.5
1683194400;"2023/05/04 12:00:00";22.1;60;673;36;1014.6
1683280800;"2023/05/05 12:00:00";21.9;64;839;39;1013.9
1683367200;"2023/05/06 12:00:00";22.3;64;696;40;1011.2
1683453600;"2023/05/07 12:00:00";22.5;59;729;37;1014.2
1683540000;"2023/05/08 12:00:00";22.2;56;773;37;1017
1683626400;"2023/05/09 12:00:00";22.5;56;895;39;1014.6
1683712800;"2023/05/10 12:00:00";22.4;52;865;39;1015.4
1683799200;"2023/05/11 12:00:00";21.4;42;554;37;1013.5
1683885600;"2023/05/12 12:00:00";21.1;45;679;38;1011.3
1683972000;"2023/05/13 12:00:00";20.5;49;690;36;1013.3
1684058400;"2023/05/14 12:00:00";20.4;52;851;37;1012.9
1684144800;"2023/05/15 12:00:00";20.6;50;663;37;1011.2
1684231200;"2023/05/16 12:00:00";20.8;49;742;37;1009.6
1684317600;"2023/05/17 12:00:00";20.6;45;744;38;1011.7
1684404000;"2023/05/18 12:00:00";20.6;45;622;38;1013.4
1684490400;"2023/05/19 12:00:00";21;49;945;45;1012.9
1684576800;"2023/05/20 12:00:00";20.7;51;871;41;1010
1684663200;"2023/05/21 12:00:00";20.8;53;693;38;1008.9
1684749600;"2023/05/22 12:00:00";21.2;59;721;37;1009.8
1684836000;"2023/05/23 12:00:00";21.1;63;845;38;1010.5
1684922400;"2023/05/24 12:00:00";20.9;65;781;37;1011.2
1685008800;"2023/05/25 12:00:00";20.7;66;595;36;1012.7
1685095200;"2023/05/26 12:00:00";20.5;67;685;37;1016
1685181600;"2023/05/27 12:00:00";21.2;66;890;37;1013.8
1685268000;"2023/05/28 12:00:00";22;60;724;36;1010.2
1685354400;"2023/05/29 12:00:00";21.5;62;652;36;1009
1685440800;"2023/05/30 12:00:00";21;67;777;37;1011.2
1685527200;"2023/05/31 12:00:00";22.2;65;1076;37;1011
1685613600;"2023/06/01 12:00:00";21.6;63;633;36;1011.2
1685700000;"2023/06/02 12:00:00";21.3;65;765;40;1009.9
1685786400;"2023/06/03 12:00:00";22;68;712;38;1010.2
1685872800;"2023/06/04 12:00:00";22;67;597;36;1011
1685959200;"2023/06/05 12:00:00";21.6;70;684;39;1011.3
1686045600;"2023/06/06 12:00:00";22;70;712;38;1011.2
1686132000;"2023/06/07 12:00:00";23;70;807;36;1010.8
1686218400;"2023/06/08 12:00:00";22;70;749;38;1008.3
1686304800;"2023/06/09 12:00:00";22.3;70;885;39;1005.8
1686391200;"2023/06/10 12:00:00";22.7;70;1036;40;1008.5
1686477600;"2023/06/11 12:00:00";23.1;74;987;40;1010.3
1686564000;"2023/06/12 12:00:00";22.2;72;731;39;1009.1
1686650400;"2023/06/13 12:00:00";22.2;69;695;38;1005.5
1686736800;"2023/06/14 12:00:00";22.2;69;889;39;1008.5
1686823200;"2023/06/15 12:00:00";22.5;66;966;40;1013.3
1686909600;"2023/06/16 12:00:00";22.9;67;1048;41;1013.1
1686996000;"2023/06/17 12:00:00";23.5;71;802;40;1010.6
1687082400;"2023/06/18 12:00:00";23.5;69;794;37;1009.9
1687168800;"2023/06/19 12:00:00";22.9;66;666;37;1008.6
1687255200;"2023/06/20 12:00:00";22.6;71;868;40;1007.6
1687341600;"2023/06/21 12:00:00";23.4;71;942;39;1009.5
1687428000;"2023/06/22 12:00:00";23.1;72;846;41;1014.3
1687514400;"2023/06/23 12:00:00";23.4;69;1083;41;1018.4
1687600800;"2023/06/24 12:00:00";24.2;66;1059;41;1014.9
1687687200;"2023/06/25 12:00:00";24.6;70;861;39;1013.2
1687773600;"2023/06/26 12:00:00";25.3;70;492;34;1014.8
1688378400;"2023/07/03 12:00:00";25.5;66;818;41;1012.9
1688464800;"2023/07/04 12:00:00";25.1;71;681;38;1012.2
1688551200;"2023/07/05 12:00:00";25.2;65;711;38;1013.4
1688637600;"2023/07/06 12:00:00";25.3;72;555;36;1011.7
1688724000;"2023/07/07 12:00:00";24.3;73;707;39;1011.5
1688810400;"2023/07/08 12:00:00";23.9;71;808;43;1012.4
1688896800;"2023/07/09 12:00:00";24.7;73;1118;43;1014.7
1688983200;"2023/07/10 12:00:00";24.7;69;1017;45;1016.4
1689069600;"2023/07/11 12:00:00";25.2;73;1097;44;1011.1
1689156000;"2023/07/12 12:00:00";25.3;66;864;42;1011
1689242400;"2023/07/13 12:00:00";25.6;67;931;42;1014.2
1689328800;"2023/07/14 12:00:00";25.7;71;1150;44;1011.7
1689415200;"2023/07/15 12:00:00";26;73;949;45;1008.3
1689501600;"2023/07/16 12:00:00";25.6;63;949;43;1012.6
1689588000;"2023/07/17 12:00:00";25.7;72;914;43;1014.3
1689674400;"2023/07/18 12:00:00";25.8;73;946;44;1012.8
1689760800;"2023/07/19 12:00:00";26.2;66;1073;44;1011.9
1689847200;"2023/07/20 12:00:00";26.5;65;1092;42;1009.4
1689933600;"2023/07/21 12:00:00";26;60;811;43;1009.5
1690020000;"2023/07/22 12:00:00";25.8;59;682;42;1013.4
1690106400;"2023/07/23 12:00:00";25.9;72;960;45;1010.5
1690192800;"2023/07/24 12:00:00";26.2;69;947;45;1005.4
1690279200;"2023/07/25 12:00:00";25.3;51;675;43;1010
1690365600;"2023/07/26 12:00:00";24.8;51;774;44;1013.7
1690452000;"2023/07/27 12:00:00";25.1;67;695;40;1011.1
1690538400;"2023/07/28 12:00:00";25;70;745;42;1010.7
1690624800;"2023/07/29 12:00:00";25.9;77;1136;45;1009.6
1690711200;"2023/07/30 12:00:00";26.1;67;823;43;1013.4
1690797600;"2023/07/31 12:00:00";26.4;63;1155;44;1012.7
1690884000;"2023/08/01 12:00:00";26.5;57;852;43;1009.4
1690970400;"2023/08/02 12:00:00";26.2;57;734;44;1006
1691056800;"2023/08/03 12:00:00";26.2;54;654;44;1008.9
1691143200;"2023/08/04 12:00:00";24.8;47;665;42;1013.6
1691229600;"2023/08/05 12:00:00";24.9;46;683;41;1014.4
1691316000;"2023/08/06 12:00:00";25.5;46;703;43;1013.8
1691402400;"2023/08/07 12:00:00";24.9;45;570;42;1016.1
1691488800;"2023/08/08 12:00:00";25.4;67;1080;44;1013.6
1691575200;"2023/08/09 12:00:00";25.5;72;1099;43;1013.7
1691661600;"2023/08/10 12:00:00";25.8;71;995;44;1013.5
1691748000;"2023/08/11 12:00:00";26.1;67;901;46;1016.8
1691834400;"2023/08/12 12:00:00";26.3;72;861;45;1015.3
1691920800;"2023/08/13 12:00:00";26.4;71;705;41;1013.1
1692007200;"2023/08/14 12:00:00";26.3;71;893;41;1010.7
1692093600;"2023/08/15 12:00:00";26.1;71;705;41;1011.4
1692180000;"2023/08/16 12:00:00";26.4;70;700;40;1011.1
1692266400;"2023/08/17 12:00:00";26.3;72;709;41;1009.8
1692352800;"2023/08/18 12:00:00";26.2;72;750;42;1009.5
1692439200;"2023/08/19 12:00:00";26.4;74;781;41;1012.2
1692525600;"2023/08/20 12:00:00";26.5;73;903;43;1015
1692612000;"2023/08/21 12:00:00";26.7;66;954;43;1015.8
1692698400;"2023/08/22 12:00:00";26.8;62;881;43;1014.3
1692784800;"2023/08/23 12:00:00";26.9;61;1076;45;1012.4
1692871200;"2023/08/24 12:00:00";27;60;1057;44;1010.7
1692957600;"2023/08/25 12:00:00";27.6;65;822;45;1009.2
1693044000;"2023/08/26 12:00:00";27.5;64;663;40;1008.6
1693130400;"2023/08/27 12:00:00";25.7;50;474;43;1007.6
1693216800;"2023/08/28 12:00:00";25.3;49;553;40;1010.8
1693303200;"2023/08/29 12:00:00";25.3;49;686;42;1009.1
1693389600;"2023/08/30 12:00:00";24.7;48;445;37;1008.7
1693476000;"2023/08/31 12:00:00";24.4;47;463;37;1013.3
1693562400;"2023/09/01 12:00:00";25.2;67;698;39;1012.6
1693648800;"2023/09/02 12:00:00";25.1;70;539;38;1012.2
1693735200;"2023/09/03 12:00:00";24.4;69;621;37;1013.7
1693821600;"2023/09/04 12:00:00";25;62;635;40;1012.1
1693908000;"2023/09/05 12:00:00";25.2;67;624;37;1013.3
1693994400;"2023/09/06 12:00:00";24.9;68;643;39;1014.7
1694080800;"2023/09/07 12:00:00";25;69;652;39;1014.5
1694167200;"2023/09/08 12:00:00";24.7;69;674;40;1014.1
1694253600;"2023/09/09 12:00:00";25;72;694;39;1013.5
1694340000;"2023/09/10 12:00:00";25.1;73;631;38;1013.7
1694426400;"2023/09/11 12:00:00";25.1;73;582;37;1011.3
1694512800;"2023/09/12 12:00:00";24.8;72;675;37;1011.2
1694599200;"2023/09/13 12:00:00";24.4;65;618;37;1015
1694685600;"2023/09/14 12:00:00";24.4;70;637;37;1015
1694772000;"2023/09/15 12:00:00";24.4;72;663;38;1010.7
1694858400;"2023/09/16 12:00:00";23.6;75;708;38;1008.7
1694944800;"2023/09/17 12:00:00";24.1;78;738;37;1008.8
1695031200;"2023/09/18 12:00:00";24.2;70;551;35;1012.1
1695117600;"2023/09/19 12:00:00";23.1;67;492;36;1014.9
1695204000;"2023/09/20 12:00:00";23.4;73;520;35;1009
1695290400;"2023/09/21 12:00:00";23;63;523;36;1003.9
1695376800;"2023/09/22 12:00:00";22.4;56;508;36;1007.9
1695463200;"2023/09/23 12:00:00";22.2;50;435;35;1015.8
1695549600;"2023/09/24 12:00:00";21.8;55;544;35;1018
1695636000;"2023/09/25 12:00:00";22.4;64;586;35;1017.3
1695722400;"2023/09/26 12:00:00";22.9;72;603;35;1016.9
1695808800;"2023/09/27 12:00:00";23.1;75;592;35;1015.9
1695895200;"2023/09/28 12:00:00";23.3;75;606;35;1015.6
1695981600;"2023/09/29 12:00:00";23.3;73;624;37;1018.9
1696068000;"2023/09/30 12:00:00";22.8;69;706;38;1020.2
1696154400;"2023/10/01 12:00:00";23.2;69;656;36;1019
1696240800;"2023/10/02 12:00:00";24.2;76;722;36;1019.1
1696327200;"2023/10/03 12:00:00";24.3;75;661;37;1020.1
1696413600;"2023/10/04 12:00:00";24.3;70;581;36;1022.2
1696500000;"2023/10/05 12:00:00";24;73;615;36;1020.6
1696586400;"2023/10/06 12:00:00";24.4;74;698;38;1020.7
1696672800;"2023/10/07 12:00:00";24.6;74;739;38;1020.9
1696759200;"2023/10/08 12:00:00";24.5;73;644;37;1021
1696845600;"2023/10/09 12:00:00";24.1;69;566;37;1021
1696932000;"2023/10/10 12:00:00";23.4;66;566;37;1019.3
1697018400;"2023/10/11 12:00:00";23.6;66;562;37;1018.3
1697104800;"2023/10/12 12:00:00";23.4;68;637;39;1017.8
1697191200;"2023/10/13 12:00:00";23.9;72;621;38;1015.7
1697277600;"2023/10/14 12:00:00";23.6;62;510;37;1015.6
1697364000;"2023/10/15 12:00:00";23.6;59;547;38;1013.7
1697450400;"2023/10/16 12:00:00";23.4;70;564;38;1009.1
1697536800;"2023/10/17 12:00:00";23.2;72;578;39;1006.7
1697623200;"2023/10/18 12:00:00";23.5;67;540;39;1001.8
1697709600;"2023/10/19 12:00:00";22.7;61;621;38;993.8
1697796000;"2023/10/20 12:00:00";22.1;61;709;38;990.5
1697882400;"2023/10/21 12:00:00";21.7;56;747;37;1003.3
1697968800;"2023/10/22 12:00:00";20.8;57;1022;38;1007
1698055200;"2023/10/23 12:00:00";20.8;62;661;36;1003.3
1698141600;"2023/10/24 12:00:00";20.8;62;754;37;1007.7
1698228000;"2023/10/25 12:00:00";20.7;60;758;36;1007.2
1698314400;"2023/10/26 12:00:00";20.5;63;728;39;1002.5
1698400800;"2023/10/27 12:00:00";19.5;60;470;36;1004.1
1698836400;"2023/11/01 12:00:00";18.3;62;719;46;1007.3
1698922800;"2023/11/02 12:00:00";18.3;64;712;39;997
1699009200;"2023/11/03 12:00:00";18.8;58;678;39;999.7
1699095600;"2023/11/04 12:00:00";19.1;57;691;38;995.6
1699182000;"2023/11/05 12:00:00";19.5;57;710;38;1003
1699268400;"2023/11/06 12:00:00";19.7;53;651;38;1012.5
1699354800;"2023/11/07 12:00:00";19.6;48;672;39;1018.7
1699441200;"2023/11/08 12:00:00";19.3;49;674;37;1019.5
1699527600;"2023/11/09 12:00:00";19.5;54;720;37;1013
1699614000;"2023/11/10 12:00:00";19.5;56;809;37;1011.7
1699700400;"2023/11/11 12:00:00";19.4;60;946;39;1010.2
1699786800;"2023/11/12 12:00:00";19.3;63;718;37;1013.6
1699873200;"2023/11/13 12:00:00";19.4;64;757;38;1018.9
1699959600;"2023/11/14 12:00:00";19.4;64;727;38;1018.7
1700046000;"2023/11/15 12:00:00";19.6;64;754;38;1020.2
1700132400;"2023/11/16 12:00:00";19.7;66;725;38;1018.5
1700218800;"2023/11/17 12:00:00";19.7;62;792;38;1020.7
1700305200;"2023/11/18 12:00:00";19.1;57;784;39;1022.9
1700391600;"2023/11/19 12:00:00";18.3;58;834;39;1020
1700478000;"2023/11/20 12:00:00";17.8;60;934;38;1016.3
1700564400;"2023/11/21 12:00:00";17.8;60;781;39;1012.9
1700650800;"2023/11/22 12:00:00";18.1;58;841;40;1015.3
1700737200;"2023/11/23 12:00:00";19.8;49;778;39;1019.9
1700823600;"2023/11/24 12:00:00";19.8;48;748;39;1013.7
1700910000;"2023/11/25 12:00:00";19.9;52;744;41;1011.4
1700996400;"2023/11/26 12:00:00";20.3;49;821;39;1014
1701082800;"2023/11/27 12:00:00";20.3;47;792;40;1009.6
1701169200;"2023/11/28 12:00:00";21.2;52;806;41;1005.1
1701255600;"2023/11/29 12:00:00";21.4;54;725;38;1003.4
1701342000;"2023/11/30 12:00:00";20.1;56;670;38;998
1701428400;"2023/12/01 12:00:00";19.4;58;627;40;996
1701514800;"2023/12/02 12:00:00";19.4;50;591;40;1009.1
1701601200;"2023/12/03 12:00:00";19.6;46;573;39;1017.7
1701687600;"2023/12/04 12:00:00";20.1;47;602;37;1012
1701774000;"2023/12/05 12:00:00";19.6;46;596;41;1014
1701860400;"2023/12/06 12:00:00";19.8;45;667;41;1013.9
1701946800;"2023/12/07 12:00:00";19.4;43;573;39;1015.1
1702033200;"2023/12/08 12:00:00";19.4;50;659;40;1012
1702119600;"2023/12/09 12:00:00";19.8;49;629;39;1017.7
1702206000;"2023/12/10 12:00:00";19.8;56;693;38;1019.1
1702292400;"2023/12/11 12:00:00";19.4;56;557;37;1016.8
1702378800;"2023/12/12 12:00:00";19.9;55;604;39;1012.4
1702465200;"2023/12/13 12:00:00";19.7;53;608;38;1008.8
1702551600;"2023/12/14 12:00:00";19.2;49;566;41;1018.3
1702638000;"2023/12/15 12:00:00";18.6;51;617;40;1029.6
1702724400;"2023/12/16 12:00:00";19.5;49;689;43;1033.2
1702810800;"2023/12/17 12:00:00";19.8;45;786;40;1034.7
1702897200;"2023/12/18 12:00:00";18.7;45;793;41;1033.2
1702983600;"2023/12/19 12:00:00";19.3;44;914;40;1027.4
1703070000;"2023/12/20 12:00:00";19.2;46;793;42;1020.2
1703156400;"2023/12/21 12:00:00";19.3;51;857;42;1021.3
1703242800;"2023/12/22 12:00:00";19.9;53;832;40;1021.2
1703329200;"2023/12/23 12:00:00";19.3;53;783;38;1022.3
1703415600;"2023/12/24 12:00:00";18.2;51;581;36;1022.2
1703674800;"2023/12/27 12:00:00";15.1;52;796;48;1021.7
1703761200;"2023/12/28 12:00:00";15.6;51;811;45;1023.3
1703847600;"2023/12/29 12:00:00";16.8;50;941;46;1020.5
1703934000;"2023/12/30 12:00:00";17.8;49;864;43;1017.2
1704020400;"2023/12/31 12:00:00";18.1;50;991;44;1012.9
1704106800;"2024/01/01 12:00:00";18.9;51;877;42;1016.2
1704193200;"2024/01/02 12:00:00";17.6;49;655;38;1016.2
1704452400;"2024/01/05 12:00:00";14.4;60;846;54;1003
1704538800;"2024/01/06 12:00:00";15;56;623;47;1008
1704625200;"2024/01/07 12:00:00";16.3;51;596;46;1012.3
1704711600;"2024/01/08 12:00:00";16.2;48;599;42;1014.3
1704798000;"2024/01/09 12:00:00";16.2;48;708;43;1017
1704884400;"2024/01/10 12:00:00";16.7;52;676;45;1015.4
1704970800;"2024/01/11 12:00:00";16.4;54;774;43;1018.4
1705057200;"2024/01/12 12:00:00";15.8;51;742;44;1023.6
1705143600;"2024/01/13 12:00:00";15.9;49;712;45;1021.4
1705230000;"2024/01/14 12:00:00";15.7;51;716;41;1013.7
1705316400;"2024/01/15 12:00:00";16.8;57;724;40;1007.8
1705402800;"2024/01/16 12:00:00";17.7;60;799;40;1006.8
1705489200;"2024/01/17 12:00:00";19.5;60;928;40;998.9
1705575600;"2024/01/18 12:00:00";19.5;57;723;38;1003
1705662000;"2024/01/19 12:00:00";20.9;53;976;40;1008.7
1705748400;"2024/01/20 12:00:00";19.8;47;923;40;1022.1
1705834800;"2024/01/21 12:00:00";19.3;44;743;39;1030.2
1705921200;"2024/01/22 12:00:00";19;46;975;42;1030.3
1706007600;"2024/01/23 12:00:00";18.1;54;839;42;1032.2
1706094000;"2024/01/24 12:00:00";17.2;61;802;42;1033.6
1706180400;"2024/01/25 12:00:00";18;61;870;42;1029.7
1706266800;"2024/01/26 12:00:00";18.6;58;805;43;1029.1
1706353200;"2024/01/27 12:00:00";19.2;56;810;42;1027.7
1706439600;"2024/01/28 12:00:00";19.1;58;813;40;1026.5
1706526000;"2024/01/29 12:00:00";18.7;62;740;40;1027.9
1706612400;"2024/01/30 12:00:00";18.8;62;721;38;1029.8
1706698800;"2024/01/31 12:00:00";20.2;57;829;41;1031.4
1706785200;"2024/02/01 12:00:00";19.3;54;744;42;1030.3
1706871600;"2024/02/02 12:00:00";19;55;870;39;1029.2
1706958000;"2024/02/03 12:00:00";18.4;55;627;35;1029.5
1707303600;"2024/02/07 12:00:00";16.8;59;778;41;1015.8
1707390000;"2024/02/08 12:00:00";17.9;57;641;40;1007.5
1707476400;"2024/02/09 12:00:00";19;59;760;41;991.3
1707562800;"2024/02/10 12:00:00";18.1;60;700;40;988.3
1707649200;"2024/02/11 12:00:00";17.2;54;659;39;1003.3
1707735600;"2024/02/12 12:00:00";16.7;55;679;38;1006.8
1707822000;"2024/02/13 12:00:00";16.9;56;896;37;1018
1707908400;"2024/02/14 12:00:00";17.4;60;955;39;1020.9
1707994800;"2024/02/15 12:00:00";17.2;66;1172;39;1015.3
1708081200;"2024/02/16 12:00:00";17.2;69;1104;41;1017.2
1708167600;"2024/02/17 12:00:00";17.4;68;1141;39;1026.4
1708254000;"2024/02/18 12:00:00";18;62;1068;40;1029.8
1708340400;"2024/02/19 12:00:00";17.6;63;1069;38;1027.5
1708426800;"2024/02/20 12:00:00";18.1;62;1052;39;1025.2
1708513200;"2024/02/21 12:00:00";17.9;64;1195;39;1021
1708599600;"2024/02/22 12:00:00";17.8;65;1041;38;1008
1708686000;"2024/02/23 12:00:00";17.4;61;1095;39;1003.5
1708772400;"2024/02/24 12:00:00";18.6;56;984;40;1005.6
1708858800;"2024/02/25 12:00:00";20;51;1058;39;1004.4
1708945200;"2024/02/26 12:00:00";17.9;57;958;38;997.7
1709031600;"2024/02/27 12:00:00";17.6;55;852;41;1005.8
1709118000;"2024/02/28 12:00:00";17.9;53;1006;40;1013.1
1709204400;"2024/02/29 12:00:00";17.4;56;899;38;1010.9
1709290800;"2024/03/01 12:00:00";18.1;53;799;42;1009.2
1709377200;"2024/03/02 12:00:00";17.4;54;707;38;1000.9
1709463600;"2024/03/03 12:00:00";18;50;829;42;1000.6
1709550000;"2024/03/04 12:00:00";17;51;802;39;1010.7
1709636400;"2024/03/05 12:00:00";18.1;52;718;38;1017.5
1709722800;"2024/03/06 12:00:00";17.5;51;661;38;1018.1
1709809200;"2024/03/07 12:00:00";17.5;56;644;38;1009.9
1709895600;"2024/03/08 12:00:00";16.9;59;674;38;1001.2
1709982000;"2024/03/09 12:00:00";17.4;59;743;37;993.2
1710068400;"2024/03/10 12:00:00";17.9;55;845;37;995.7
1710154800;"2024/03/11 12:00:00";16.8;56;671;41;1009.4
1710241200;"2024/03/12 12:00:00";16.8;56;645;39;1018.3
1710327600;"2024/03/13 12:00:00";16.9;58;640;37;1015.1
1710414000;"2024/03/14 12:00:00";17.5;62;796;38;1013.5
1710500400;"2024/03/15 12:00:00";18;63;724;39;1015.9
1710586800;"2024/03/16 12:00:00";18.6;62;688;38;1020.3
1710673200;"2024/03/17 12:00:00";19.4;61;788;37;1017.4
1710759600;"2024/03/18 12:00:00";19.8;63;906;37;1014.2
1710846000;"2024/03/19 12:00:00";19.6;62;814;37;1012.5
1710932400;"2024/03/20 12:00:00";19.4;64;781;37;1013.9
1711018800;"2024/03/21 12:00:00";19.2;66;854;37;1020.1
1711105200;"2024/03/22 12:00:00";19.1;64;751;37;1016.7
1711191600;"2024/03/23 12:00:00";19.7;61;813;36;1015.3
1711278000;"2024/03/24 12:00:00";19.6;55;704;38;1012.1
1711364400;"2024/03/25 12:00:00";19.1;62;779;39;998.2
1711450800;"2024/03/26 12:00:00";18;63;785;38;988.2
1711537200;"2024/03/27 12:00:00";17.1;58;742;37;992
1711623600;"2024/03/28 12:00:00";16.9;62;714;36;996.6
1711710000;"2024/03/29 12:00:00";17.9;68;757;37;994.5
1711796400;"2024/03/30 12:00:00";17.4;65;675;36;993.6
1711882800;"2024/03/31 13:00:00";17;66;979;38;993
1711965600;"2024/04/01 12:00:00";16.7;62;803;37;1006.2
1712052000;"2024/04/02 12:00:00";16.7;61;635;38;1015.1
1712138400;"2024/04/03 12:00:00";17.3;59;616;38;1014.4
1712224800;"2024/04/04 12:00:00";18;57;514;37;1015.6
1712311200;"2024/04/05 12:00:00";18.9;62;611;38;1015.2
1712397600;"2024/04/06 12:00:00";18.9;63;634;36;1014.5
1712484000;"2024/04/07 12:00:00";19.2;67;655;37;1011.6
1712570400;"2024/04/08 12:00:00";19.3;69;705;37;1006.7
1712656800;"2024/04/09 12:00:00";19.1;58;573;38;1018.3
1712743200;"2024/04/10 12:00:00";18.4;54;550;36;1024.1
1712829600;"2024/04/11 12:00:00";18.7;52;544;36;1025.3
1712916000;"2024/04/12 12:00:00";19.2;52;533;36;1026.7
1713002400;"2024/04/13 12:00:00";19.9;50;614;36;1023.7
1713088800;"2024/04/14 12:00:00";21;50;699;36;1020.1
1713175200;"2024/04/15 12:00:00";21.6;48;739;37;1015.1
1713261600;"2024/04/16 12:00:00";21.6;50;778;37;1012.8
1713348000;"2024/04/17 12:00:00";20.7;49;770;37;1011.6
1713434400;"2024/04/18 12:00:00";20;48;668;37;1012.5
1713520800;"2024/04/19 12:00:00";19.9;47;765;38;1017.2
1713607200;"2024/04/20 12:00:00";19.9;51;693;37;1012.1
1713693600;"2024/04/21 12:00:00";20;53;776;37;1011.8
1713780000;"2024/04/22 12:00:00";19.7;50;785;37;1011.4
1713866400;"2024/04/23 12:00:00";18.6;46;591;37;1011.6
1713952800;"2024/04/24 12:00:00";17.9;45;567;37;1012.4
1714039200;"2024/04/25 12:00:00";18;48;611;37;1006.6
1714125600;"2024/04/26 12:00:00";18.3;53;673;37;1002.7
1714212000;"2024/04/27 12:00:00";19;60;799;39;999.3
1714298400;"2024/04/28 12:00:00";18.5;62;744;36;1007.2
1714384800;"2024/04/29 12:00:00";18.3;64;745;37;1011.3
1714471200;"2024/04/30 12:00:00";17.8;65;641;36;1008.6
1714557600;"2024/05/01 12:00:00";18.2;62;651;36;1003.5
1714644000;"2024/05/02 12:00:00";17.8;55;643;37;1009.2
1714730400;"2024/05/03 12:00:00";18.2;51;603;38;1014
1714816800;"2024/05/04 12:00:00";19.6;54;801;38;1011.9
1714903200;"2024/05/05 12:00:00";21;57;898;38;1008.7
1714989600;"2024/05/06 12:00:00";21.7;60;1015;37;1008
1715076000;"2024/05/07 12:00:00";21.6;55;876;39;1014
1715162400;"2024/05/08 12:00:00";21.5;53;885;38;1016.6
1715248800;"2024/05/09 12:00:00";22;53;768;36;1015.3
1715335200;"2024/05/10 12:00:00";22.4;57;774;37;1014.1
1715421600;"2024/05/11 12:00:00";21.9;54;559;36;1013.3
1715508000;"2024/05/12 12:00:00";22.3;60;615;36;1012.2
1715594400;"2024/05/13 12:00:00";22.3;59;581;36;1008
1715680800;"2024/05/14 12:00:00";21.8;54;571;37;1001.7
1715767200;"2024/05/15 12:00:00";21.4;49;522;36;1003.2
1715853600;"2024/05/16 12:00:00";20.7;47;448;36;1003.7
1715940000;"2024/05/17 12:00:00";21.2;55;533;36;1004.8
1716026400;"2024/05/18 12:00:00";21.3;58;533;36;1007.4
1716112800;"2024/05/19 12:00:00";21.1;64;660;37;1006.8
1716199200;"2024/05/20 12:00:00";20.5;61;587;37;1006.9
1716285600;"2024/05/21 12:00:00";20.8;53;507;37;1009.8
1716372000;"2024/05/22 12:00:00";21.2;51;532;37;1012.4
1716458400;"2024/05/23 12:00:00";21.5;52;523;36;1014
1716544800;"2024/05/24 12:00:00";22.2;56;574;38;1013.7
1716631200;"2024/05/25 12:00:00";22.6;60;609;38;1013.3
1716717600;"2024/05/26 12:00:00";23;64;593;36;1012.8
1716804000;"2024/05/27 12:00:00";23.2;61;598;37;1014.2
1716890400;"2024/05/28 12:00:00";22.9;54;616;37;1015.8
1716976800;"2024/05/29 12:00:00";23.6;57;696;37;1012.4
1717063200;"2024/05/30 12:00:00";24.3;54;625;39;1008.2
1717149600;"2024/05/31 12:00:00";23.5;45;593;38;1010.6
1717236000;"2024/06/01 12:00:00";22.7;45;510;36;1012.4
1717322400;"2024/06/02 12:00:00";22.9;47;507;36;1014.2
1717408800;"2024/06/03 12:00:00";22.7;51;589;38;1013.1
1717495200;"2024/06/04 12:00:00";23.3;55;599;38;1010.7
1717581600;"2024/06/05 12:00:00";24;60;675;39;1011.9
1717668000;"2024/06/06 12:00:00";24.4;64;731;38;1012.6
1717754400;"2024/06/07 12:00:00";24.3;60;759;39;1012.5
1717840800;"2024/06/08 12:00:00";24.8;54;704;40;1005.7
1717927200;"2024/06/09 12:00:00";24.6;55;515;35;1003.5
1718013600;"2024/06/10 12:00:00";23.3;48;535;38;1008.7
1718100000;"2024/06/11 12:00:00";22.6;56;503;36;1011.7
1718186400;"2024/06/12 12:00:00";20.7;54;478;36;1013.8
1718272800;"2024/06/13 12:00:00";20.4;50;409;35;1016.6
1718618400;"2024/06/17 12:00:00";24.6;64;965;39;1007.8
1718704800;"2024/06/18 12:00:00";23.9;66;742;39;1007.7
1718791200;"2024/06/19 12:00:00";24.4;63;739;37;1007.8
1718877600;"2024/06/20 12:00:00";24.4;66;556;36;1010.9
1718964000;"2024/06/21 12:00:00";22.3;58;536;35;1015.4
1719050400;"2024/06/22 12:00:00";24;55;718;38;1015.3
1719136800;"2024/06/23 12:00:00";24;53;595;38;1012.3
1719223200;"2024/06/24 12:00:00";24;58;656;38;1010.2
1719309600;"2024/06/25 12:00:00";24.1;62;790;40;1007.8
1719396000;"2024/06/26 12:00:00";24.4;64;824;38;1007.5
1719482400;"2024/06/27 12:00:00";24.1;63;745;38;1009
1719568800;"2024/06/28 12:00:00";24.1;56;746;38;1010
1719655200;"2024/06/29 12:00:00";25.5;60;813;38;1007.3
1719741600;"2024/06/30 12:00:00";25.5;58;767;38;1010.3
1719828000;"2024/07/01 12:00:00";25.1;61;626;36;1013.2
1719914400;"2024/07/02 12:00:00";24.9;53;538;35;1013.8
1720000800;"2024/07/03 12:00:00";23.9;47;598;38;1010.3
1720087200;"2024/07/04 12:00:00";24.5;47;716;38;1010.8
1720173600;"2024/07/05 12:00:00";24.9;60;714;39;1009.7
1720260000;"2024/07/06 12:00:00";25.4;66;793;38;1006.4
1720346400;"2024/07/07 12:00:00";24.9;56;698;38;1010.5
1720432800;"2024/07/08 12:00:00";25.2;65;733;38;1011
1720519200;"2024/07/09 12:00:00";25.3;69;940;41;1011.1
1720605600;"2024/07/10 12:00:00";25.5;70;966;41;1012.2
1720692000;"2024/07/11 12:00:00";27;72;598;35;1012.7
1721124000;"2024/07/16 12:00:00";27.7;65;905;39;1012
1721210400;"2024/07/17 12:00:00";26.8;64;736;40;1014.1
1721296800;"2024/07/18 12:00:00";26.3;65;770;39;1013.9
1721383200;"2024/07/19 12:00:00";26.9;69;923;39;1012.5
1721469600;"2024/07/20 12:00:00";27.4;67;949;40;1005.8
1721556000;"2024/07/21 12:00:00";26.6;59;840;39;1007.7
1721642400;"2024/07/22 12:00:00";25;49;747;39;1015.4
1721728800;"2024/07/23 12:00:00";25.9;54;788;39;1015.3
1721815200;"2024/07/24 12:00:00";26.7;61;753;38;1012.8
1721901600;"2024/07/25 12:00:00";26.7;63;830;39;1008.8
1721988000;"2024/07/26 12:00:00";26.7;66;905;39;1007.9
1722074400;"2024/07/27 12:00:00";26.9;66;689;37;1009.7
1722160800;"2024/07/28 12:00:00";26.5;63;881;39;1013.9
1722247200;"2024/07/29 12:00:00";26.4;56;720;38;1013.7
1722333600;"2024/07/30 12:00:00";27.4;54;816;39;1011.9
1722420000;"2024/07/31 12:00:00";27.4;57;765;38;1009.3
1722506400;"2024/08/01 12:00:00";27.3;60;758;39;1008.5
1722592800;"2024/08/02 12:00:00";27.7;60;815;38;1007.7
1722679200;"2024/08/03 12:00:00";26.5;53;645;38;1010.2
1722765600;"2024/08/04 12:00:00";26.7;49;740;38;1010.5
1722852000;"2024/08/05 12:00:00";27.3;65;765;39;1008.7
1722938400;"2024/08/06 12:00:00";27.1;68;861;39;1007.5
1723024800;"2024/08/07 12:00:00";26.8;65;736;38;1009.1
1723111200;"2024/08/08 12:00:00";27.1;64;782;39;1011.4
1723197600;"2024/08/09 12:00:00";27.4;67;801;40;1013.8
1723284000;"2024/08/10 12:00:00";27.1;64;732;38;1014.3
1723370400;"2024/08/11 12:00:00";27.4;64;720;39;1011.8
1723456800;"2024/08/12 12:00:00";27.7;67;740;38;1008.4
1723543200;"2024/08/13 12:00:00";28;67;706;37;1007
1723629600;"2024/08/14 12:00:00";26.8;59;476;38;1009.7
1723716000;"2024/08/15 12:00:00";25.3;52;524;37;1013.3
1723802400;"2024/08/16 12:00:00";26.4;52;727;37;1013.3
1723888800;"2024/08/17 12:00:00";26.4;55;831;40;1011.2
1723975200;"2024/08/18 12:00:00";27.4;55;690;38;1009.2
1724061600;"2024/08/19 12:00:00";27.4;45;489;35;1011.6
1724580000;"2024/08/25 12:00:00";27.5;59;669;43;1014.3
1724666400;"2024/08/26 12:00:00";26.8;53;582;36;1014
1724752800;"2024/08/27 12:00:00";26.3;63;637;36;1011.2
1724839200;"2024/08/28 12:00:00";26.7;67;720;40;1011.5
1724925600;"2024/08/29 12:00:00";26.7;66;668;38;1012.7
1725012000;"2024/08/30 12:00:00";26.1;64;732;38;1012.9
1725098400;"2024/08/31 12:00:00";26.4;67;699;39;1012
1725184800;"2024/09/01 12:00:00";26.4;67;681;38;1010.5
1725271200;"2024/09/02 12:00:00";26;67;644;37;1009.6
1725357600;"2024/09/03 12:00:00";25.9;69;583;37;1011
1725444000;"2024/09/04 12:00:00";24.4;67;512;37;1010.9
1725530400;"2024/09/05 12:00:00";22.8;57;447;36;1008.4
1725616800;"2024/09/06 12:00:00";24;67;468;36;1003.2
1725703200;"2024/09/07 12:00:00";25.1;73;590;37;1004.8
1725789600;"2024/09/08 12:00:00";24.8;63;598;36;1007.2
1725876000;"2024/09/09 12:00:00";24.4;52;553;36;1012.6
1725962400;"2024/09/10 12:00:00";24.4;51;459;37;1013.7
1726048800;"2024/09/11 12:00:00";23.9;48;484;37;1012.7
1726135200;"2024/09/12 12:00:00";24.1;50;435;38;1010.3
1726221600;"2024/09/13 12:00:00";24.1;44;600;37;1016.9
1726308000;"2024/09/14 12:00:00";22.8;38;436;37;1019.9
1726394400;"2024/09/15 12:00:00";22.5;37;472;36;1015.5
1726480800;"2024/09/16 12:00:00";23;36;487;36;1013.2
1726567200;"2024/09/17 12:00:00";23.5;45;500;36;1010.8
1726653600;"2024/09/18 12:00:00";23.5;57;513;36;1012.2
1726740000;"2024/09/19 12:00:00";23.1;62;541;36;1011.5
1726826400;"2024/09/20 12:00:00";23.1;66;561;38;1012.4
1726912800;"2024/09/21 12:00:00";22.8;71;581;38;1012
1726999200;"2024/09/22 12:00:00";22.7;73;703;36;1010.5
1727085600;"2024/09/23 12:00:00";22.6;62;533;36;1010.5
1727172000;"2024/09/24 12:00:00";22.5;57;523;36;1009.1
1727258400;"2024/09/25 12:00:00";22.5;59;527;36;1009.6
1727344800;"2024/09/26 12:00:00";23.6;64;565;37;1005.3
1727431200;"2024/09/27 12:00:00";24.1;49;530;36;1010.2
1727517600;"2024/09/28 12:00:00";21.6;44;429;37;1018.8
1727604000;"2024/09/29 12:00:00";21;48;491;36;1019.8
1727690400;"2024/09/30 12:00:00";21.8;60;519;36;1016.7
1727776800;"2024/10/01 12:00:00";22.8;67;537;36;1011.7
1727863200;"2024/10/02 12:00:00";22.9;66;560;36;1005.8
1727949600;"2024/10/03 12:00:00";21.6;68;507;36;1002.1
1728295200;"2024/10/07 12:00:00";21.8;72;604;41;1002.3
1728381600;"2024/10/08 12:00:00";21.4;63;572;36;1004.6
1728468000;"2024/10/09 12:00:00";21.4;63;572;36;1000.3
1728554400;"2024/10/10 12:00:00";20.7;57;478;36;1005.9
1728640800;"2024/10/11 12:00:00";20.1;55;487;38;1011.6
1728727200;"2024/10/12 12:00:00";20.6;69;546;36;1010.5
1728813600;"2024/10/13 12:00:00";20.9;72;601;37;1014.8
1728900000;"2024/10/14 12:00:00";22.1;74;615;36;1013.6
1728986400;"2024/10/15 12:00:00";22.5;75;606;37;1008.6
1729072800;"2024/10/16 12:00:00";22.2;75;629;36;1006.3
1729159200;"2024/10/17 12:00:00";21.4;73;627;39;1008.1
1729245600;"2024/10/18 12:00:00";20;64;779;37;1015.1
1729332000;"2024/10/19 12:00:00";19.2;62;629;37;1015.8
1729418400;"2024/10/20 12:00:00";20.1;67;734;37;1018.7
1729504800;"2024/10/21 12:00:00";20.7;69;633;36;1021.4
1729591200;"2024/10/22 12:00:00";20.7;71;661;37;1023.8
1729677600;"2024/10/23 12:00:00";20.5;72;634;36;1024.5
1729764000;"2024/10/24 12:00:00";20.2;71;568;36;1020.3
1729850400;"2024/10/25 12:00:00";20.4;74;549;37;1014.1
1729936800;"2024/10/26 12:00:00";21.9;67;691;39;1010.4
1730023200;"2024/10/27 11:00:00";24.2;52;878;39;1015.2
1730113200;"2024/10/28 12:00:00";23.5;57;836;38;1018.4
1730199600;"2024/10/29 12:00:00";22.4;63;728;38;1018
1730286000;"2024/10/30 12:00:00";21.1;69;506;37;1014.8
1730372400;"2024/10/31 12:00:00";20;72;585;39;1018.6
1730458800;"2024/11/01 12:00:00";21.1;68;722;38;1018.9
1730545200;"2024/11/02 12:00:00";22.6;65;819;37;1017.7
1730631600;"2024/11/03 12:00:00";21.2;67;831;37;1020.5
1730718000;"2024/11/04 12:00:00";19.7;73;732;36;1019.2
1730804400;"2024/11/05 12:00:00";19.5;77;552;35;1019.6
1730890800;"2024/11/06 12:00:00";19.4;76;688;35;1022.1
1730977200;"2024/11/07 12:00:00";19.6;76;630;36;1021
1731063600;"2024/11/08 12:00:00";20.4;70;648;35;1018.9
1731150000;"2024/11/09 12:00:00";20.9;69;758;38;1019.3
1731236400;"2024/11/10 12:00:00";21.2;62;876;37;1020.7
1731322800;"2024/11/11 12:00:00";22.4;57;783;38;1021.1
1731409200;"2024/11/12 12:00:00";22.6;53;760;37;1015.9
1731495600;"2024/11/13 12:00:00";23.3;49;817;39;1015.8
1731582000;"2024/11/14 12:00:00";22.4;53;882;38;1018.2
1731668400;"2024/11/15 12:00:00";22.6;56;766;39;1019.2
1731754800;"2024/11/16 12:00:00";21.7;59;778;36;1017.9
1731841200;"2024/11/17 12:00:00";22.9;57;777;37;1016.1
1731927600;"2024/11/18 12:00:00";22.4;55;722;37;1015
1732014000;"2024/11/19 12:00:00";22.9;53;729;37;1013.1
1732100400;"2024/11/20 12:00:00";21.9;54;768;37;1010.5
1732186800;"2024/11/21 12:00:00";21.3;54;644;36;1006.5
1732273200;"2024/11/22 12:00:00";21.8;51;785;37;1011.2
1732359600;"2024/11/23 12:00:00";22.1;48;715;37;1021.4
1732446000;"2024/11/24 12:00:00";22.2;57;759;38;1020.3
1732532400;"2024/11/25 12:00:00";21.1;65;692;37;1015
1732618800;"2024/11/26 12:00:00";21.1;59;746;39;1019.8
1732705200;"2024/11/27 12:00:00";21.9;50;672;36;1021.4
1732791600;"2024/11/28 12:00:00";23;47;711;37;1023.4
1732878000;"2024/11/29 12:00:00";22.7;46;664;37;1022.9
1732964400;"2024/11/30 12:00:00";22.5;46;685;38;1024.3
1733050800;"2024/12/01 12:00:00";22.1;48;694;39;1022.5
1733137200;"2024/12/02 12:00:00";21.5;49;688;37;1020.1
1733223600;"2024/12/03 12:00:00";21.4;49;594;36;1017.1
1733310000;"2024/12/04 12:00:00";21.1;50;614;37;1019
1733396400;"2024/12/05 12:00:00";20.7;48;663;37;1023.5
1733482800;"2024/12/06 12:00:00";21.6;50;633;37;1020.9
1733569200;"2024/12/07 12:00:00";22;53;695;37;1016.2
1733655600;"2024/12/08 12:00:00";21.2;43;520;40;1011.5
1733742000;"2024/12/09 12:00:00";19.3;45;610;36;1010.4
1733828400;"2024/12/10 12:00:00";19.8;44;596;36;1013.7
1733914800;"2024/12/11 12:00:00";21.3;41;655;39;1016.9
1734001200;"2024/12/12 12:00:00";21.8;43;840;39;1018
1734087600;"2024/12/13 12:00:00";21.9;45;819;39;1019.1
1734174000;"2024/12/14 12:00:00";21.4;45;809;39;1024.2
1734260400;"2024/12/15 12:00:00";21.4;44;811;38;1029.7
1734346800;"2024/12/16 12:00:00";21.6;43;885;37;1034.6
1734433200;"2024/12/17 12:00:00";21;42;904;38;1030.1
1734519600;"2024/12/18 12:00:00";22;42;950;38;1025.2
1734606000;"2024/12/19 12:00:00";21.1;45;815;37;1016.6
1734692400;"2024/12/20 12:00:00";20.6;45;750;38;1022.3
1734778800;"2024/12/21 12:00:00";21.1;44;798;38;1025.8
1734865200;"2024/12/22 12:00:00";20;48;912;39;1020.6
1734951600;"2024/12/23 12:00:00";20.4;48;832;42;1017.7
1735038000;"2024/12/24 12:00:00";20.4;50;1086;38;1022.1
1735124400;"2024/12/25 12:00:00";22.5;50;982;37;1024.4
1735210800;"2024/12/26 12:00:00";21.3;55;951;38;1025.5
1735297200;"2024/12/27 12:00:00";21.7;52;1038;39;1027.8
1735383600;"2024/12/28 12:00:00";20.8;51;1052;40;1027.3
1735470000;"2024/12/29 12:00:00";22.2;45;886;40;1027.4
1735556400;"2024/12/30 12:00:00";20.7;46;954;40;1028.5
1735642800;"2024/12/31 12:00:00";21.1;43;959;39;1029.7
1735729200;"2025/01/01 12:00:00";19.7;43;648;35;1028.4
1736161200;"2025/01/06 12:00:00";15.2;61;578;43;1004.5
1736247600;"2025/01/07 12:00:00";17.9;52;689;39;1013.5
1736334000;"2025/01/08 12:00:00";20.4;48;698;39;1013.3
1736420400;"2025/01/09 12:00:00";19.7;51;612;37;1013.9
1736506800;"2025/01/10 12:00:00";18.4;56;589;38;1018.4
1736593200;"2025/01/11 12:00:00";17.6;60;631;37;1017
1736679600;"2025/01/12 12:00:00";17.2;56;665;37;1021.6
1736766000;"2025/01/13 12:00:00";18;45;641;37;1025.4
1736852400;"2025/01/14 12:00:00";17.2;40;481;38;1027.5
1736938800;"2025/01/15 12:00:00";18.1;38;643;36;1023.4
1737025200;"2025/01/16 12:00:00";18.2;40;840;39;1022.2
1737111600;"2025/01/17 12:00:00";19.1;43;836;38;1026
1737198000;"2025/01/18 12:00:00";20.1;41;833;39;1022.2
1737284400;"2025/01/19 12:00:00";21.1;39;878;38;1017.2
1737370800;"2025/01/20 12:00:00";21;41;871;39;1013.8
1737457200;"2025/01/21 12:00:00";21;45;978;40;1010.2
1737543600;"2025/01/22 12:00:00";20.9;52;924;39;1006.6
1737630000;"2025/01/23 12:00:00";20.1;52;833;37;1011
1737716400;"2025/01/24 12:00:00";18.8;54;879;37;1015
1737802800;"2025/01/25 12:00:00";20.4;52;860;37;1011.7
1737889200;"2025/01/26 12:00:00";21.7;48;940;37;1013.6
1737975600;"2025/01/27 12:00:00";20.9;54;873;39;1004.4
1738062000;"2025/01/28 12:00:00";21.1;50;931;37;1010.1
1738148400;"2025/01/29 12:00:00";20.3;48;679;36;1012.7
1738234800;"2025/01/30 12:00:00";20.2;46;609;37;1011.2
1738321200;"2025/01/31 12:00:00";18.2;48;618;37;1023.1
1738407600;"2025/02/01 12:00:00";19.2;44;641;38;1019.1
1738494000;"2025/02/02 12:00:00";19.6;44;602;36;1016.9
1738580400;"2025/02/03 12:00:00";18.3;45;699;38;1021.1
1738666800;"2025/02/04 12:00:00";16.3;50;672;37;1025
1738753200;"2025/02/05 12:00:00";16.1;51;563;37;1029.2
1738839600;"2025/02/06 12:00:00";16.9;49;576;37;1026.1
1738926000;"2025/02/07 12:00:00";17.1;51;616;36;1016.2
1739012400;"2025/02/08 12:00:00";17.6;53;561;35;1013.9
1739617200;"2025/02/15 12:00:00";16.7;65;1006;45;1010.9
1739703600;"2025/02/16 12:00:00";19.6;58;960;39;1010.2
1739790000;"2025/02/17 12:00:00";20.3;55;915;38;1012
1739876400;"2025/02/18 12:00:00";21.2;57;943;38;1011.9
1739962800;"2025/02/19 12:00:00";21.1;58;1196;38;1016.2
1740049200;"2025/02/20 12:00:00";21.1;61;1293;39;1022.5
1740135600;"2025/02/21 12:00:00";19.7;63;808;38;1020.5
1740222000;"2025/02/22 12:00:00";17.8;66;698;36;1017.4
1740308400;"2025/02/23 12:00:00";17.3;64;722;36;1025
1740394800;"2025/02/24 12:00:00";17;63;690;38;1024
1740481200;"2025/02/25 12:00:00";16.5;61;610;37;1018.2
1740567600;"2025/02/26 12:00:00";18.1;53;570;37;1020.9
1740654000;"2025/02/27 12:00:00";16;55;572;38;1017.1
1740740400;"2025/02/28 12:00:00";16.4;57;564;38;1015.4
1740826800;"2025/03/01 12:00:00";19.3;54;676;39;1014.2
1740913200;"2025/03/02 12:00:00";20.2;52;713;39;1019.6
1740999600;"2025/03/03 12:00:00";18.6;55;763;40;1018.2
1741086000;"2025/03/04 12:00:00";16.8;63;771;40;1017.7
1741172400;"2025/03/05 12:00:00";16.4;64;761;38;1018
1741258800;"2025/03/06 12:00:00";16.2;66;899;37;1015.1
1741345200;"2025/03/07 12:00:00";16.1;69;1087;38;1011.5
1741431600;"2025/03/08 12:00:00";16.5;71;679;36;1002.7
1741518000;"2025/03/09 12:00:00";18.2;68;1015;38;996.3
1741604400;"2025/03/10 12:00:00";16.9;67;1003;38;998.6
1741690800;"2025/03/11 12:00:00";17;69;898;37;997.4
1741777200;"2025/03/12 12:00:00";16.8;70;886;38;996.9
1741863600;"2025/03/13 12:00:00";17.4;68;1178;38;993.9
1741950000;"2025/03/14 12:00:00";19.5;60;985;39;996.9
1742036400;"2025/03/15 12:00:00";18.2;55;946;38;1006.8
1742122800;"2025/03/16 12:00:00";15.8;58;899;36;1012.7
